"Identificação da publicação","Identificação da Página","Nome da Página",Título,Descrição,"Duração (segundos)","Hora de publicação","Tipo de legenda","Ligação permanente","É uma publicação cruzada","É uma partilha","Tipo de publicação",Idiomas,"Etiquetas personalizadas","Estado dos conteúdos financiados",Comentário,Data,"Visualizações do vídeo de 3 segundos","Média de Segundos de visualização","Visualizações do vídeo de 60 segundos","Segundos de visualização","Pessoas alcançadas",Comentários,Gostos,Partilhas,Interações,Impressões,"Outros cliques","Visualizações de fotos","Cliques em ligações","Cliques para reproduzir","Total de cliques","Tempo gasto em média no artigo","Profundidade da navegação diária do artigo","Opiniões negativas únicas dos utilizadores: Ocultar tudo","Impressões do anúncio","Reproduções dos reels","CPM do anúncio em (USD)","Estimativa de ganhos em (USD)"
220586100921435,109287267400493,"Ana Sousa Nutricionista",,"𝗕𝗼𝘄𝗹 𝗱𝗲 𝗔ç𝗮𝗶

Delicie-se com esta receita saudável de Bowl de Açai! 🍨 🤤
Veja no vídeo os ingredientes e o passo a passo.

#receitafit #açaibowl #fitfood #vidafit #fitlife #nutricionista #receitadanutri #HealthyRecipes",8,"06/24/2023 11:06",N/A,https://www.facebook.com/reel/220586100921435/,0,0,"Reels do FB",,,,,"Toda a duração",,4.91,,8815.59,1700,1,20,5,26,,,,,,,0,0,,0,1792,,
855582759425179,109287267400493,"Ana Sousa Nutricionista",,"🦑🍴
𝗟𝘂𝗹𝗮𝘀 𝗿𝗲𝗰𝗵𝗲𝗮𝗱𝗮𝘀 𝗰𝗼𝗺 𝗖𝗮𝗺𝗮𝗿ã𝗼 𝗲 𝗣𝘂𝗿é
👇👇👇
https://anasousanutricionista.com/receitas/lulas-recheadas/

 As lulas são uma excelente fonte de proteína e nutrientes essenciais para o nosso corpo!

Além disso, são muito versáteis e fáceis de preparar. 

Elas contêm baixo teor de gordura e hidratos de carbono, mas são ricas em vitaminas e minerais como ferro, zinco e vitamina B12.

Experimente adicioná-las às suas saladas, fazer um delicioso ensopado ou grelhá-las com limão e ervas. 

𝗡ã𝗼 𝘃𝗮𝗶 𝘀𝗲 𝗮𝗿𝗿𝗲𝗽𝗲𝗻𝗱𝗲𝗿! 😉👌 

#lulas #frutosdomar #frutosdomarportugal #proteína #nutrientes #saúde #alimentaçãosaudável #comidasaudável #saboroso #cozinhafácil #receitas #dicasdeculinária #foodie",0,"06/25/2023 12:06",N/A,https://www.facebook.com/AnaSousaNutri/posts/pfbid02NzCvCjtCS1PwyeqtaASdaFpg9t9VJdtzNhcG1iKaV5V9NiSVHaPTLiKgaf1h6pYPl,0,0,Foto,,,,,"Toda a duração",0,0,0,0,1772,2,18,0,20,2117,17,136,5,,158,0,0,,,,,
856232356026886,109287267400493,"Ana Sousa Nutricionista",,"🔎🍽️ Sabe como interpretar os ingredientes nos rótulos dos alimentos? 

É importante entender o que estamos a ingerir! 

Fique atento a nomes como açúcares, gorduras saturadas e aditivos artificiais. 

Opte por produtos com ingredientes simples e naturais. 🌿🥗 

#alimentacaosaudavel #rotulosdealimentos #ingredientesnaturais #comidadeverdade #saude #bemestar",0,"06/26/2023 12:06",N/A,https://www.facebook.com/AnaSousaNutri/posts/pfbid02ax22bXMWCkkB5k9ekT39toSw2fLXrwpkcJoHKnQFtUDKpYqvWLthUaKVkTcUm86gl,0,0,Foto,,,,,"Toda a duração",0,0,0,0,1763,0,26,2,28,2105,17,150,,,167,0,0,,,,,
1756444384793079,109287267400493,"Ana Sousa Nutricionista",,"🍪🙅‍♀️ Os desejos por doces e alimentos não saudáveis podem ser difíceis de resistir, mas há estratégias para ajudar a controlá-los. 

Aqui estão algumas dicas:

👉Coma regularmente: não pule refeições e faça lanches saudáveis para manter o nível de açúcar no sangue equilibrado.

👉Beba muita água: às vezes, o nosso corpo confunde sede com fome, então beber água suficiente pode ajudar a controlar os desejos.

👉Durma bem: a privação do sono pode aumentar os desejos por alimentos não saudáveis.

👉Pratique a moderação: é ok ter um doce de vez em quando, mas tente limitar a quantidade e a frequência.

Não desista, eu sei que consegue! 🙌

#dicasnutricionais #alimentacaosaudavel #doces #alimentosnaosaudaveis #saude #bemestar #nutricao #controlealimentar #emagrecimento #habitossaludaveis",32,"06/27/2023 11:06",N/A,https://www.facebook.com/reel/1756444384793079/,0,0,"Reels do FB",,,,,"Toda a duração",,6.81,,11274.2,1562,0,51,3,54,,,,,,,0,0,,0,1656,,
857759715874150,109287267400493,"Ana Sousa Nutricionista",,"🛒🍎 Ir ao supermercado é uma tarefa essencial na minha rotina, mas confesso que ATÉ EU já tive dificuldades em fugir às tentações no supermercado. 

Para evitar isso, agora faço sempre um plano antes de ir às compras!

✅ Começo por planear as refeições da semana e faço uma lista de compras com os ingredientes necessários. Assim, evito comprar alimentos desnecessários e pouco saudáveis.

👀 Além disso, sempre que possível, dou uma olhada nos folhetos promocionais dos supermercados para aproveitar descontos em alimentos saudáveis e frescos.

🧐 E por fim, tento evitar ir ao supermercado com fome, pois a fome pode levar a compras impulsivas de alimentos pouco saudáveis.

🛒👩‍🍳 Com estas dicas, consigo fazer compras mais saudáveis e cozinhar refeições deliciosas para a minha família! 

Como é que faz as suas compras?

#supermercado #comprassaudaveis #planodecompras #alimentacaosaudavel #vidasaudavel #nutricionista #dicasdesaude #saude #bemestar",0,"06/28/2023 12:06",N/A,https://www.facebook.com/AnaSousaNutri/posts/pfbid02VmoNhdE9xFhMNwLGhi1eGmSRT34Dj1jtsEgwY1RB1WnJcbDLcEhHkUzWH55uBhfGl,0,0,Foto,,,,,"Toda a duração",0,0,0,0,2014,0,15,1,16,2090,4,21,,,25,0,0,,,,,
859196482397140,109287267400493,"Ana Sousa Nutricionista",,"𝗗𝗶𝗲𝘁𝗮 𝗱𝗼 𝗢𝘃𝗼 𝗖𝗼𝘇𝗶𝗱𝗼?

Dieta do ovo cozido: mais uma moda, ou funciona mesmo? 🤔🥚🍳

Esta dieta tem ganho popularidade nos últimos tempos, mas é importante lembrar que qualquer dieta que restrinja grupos alimentares pode ser perigosa e prejudicial à saúde. 🚫🍔🌭

Além disso, a dieta do ovo cozido não é sustentável a longo prazo e pode levar a deficiências nutricionais.

É importante adotar um estilo de vida saudável e equilibrado, com uma alimentação variada e a prática regular de exercícios físicos. 🥦🏋️‍♀️💪

#dieta #ovocozido #emagrecimento #alimentacaosaudavel #nutricao #saude #bemestar",0,"06/30/2023 10:06",N/A,https://www.facebook.com/AnaSousaNutri/posts/pfbid02HK3hs8kaAX7JQohpXbqxdR56fG9ajnyQKpxxd8E3Bj78t4uXzuBXvpyJncLaFf2rl,0,0,Foto,,,,,"Toda a duração",0,0,0,0,4068,0,74,6,80,4155,49,345,,,394,0,0,,,,,
794652225518233,109287267400493,"Ana Sousa Nutricionista",,"𝗕𝗼𝗹𝗼 𝗛ú𝗺𝗶𝗱𝗼 𝗱𝗲 𝗖𝗵𝗼𝗰𝗼𝗹𝗮𝘁𝗲 𝗲 𝗕𝗮𝗻𝗮𝗻𝗮

Se está à procura de uma receita de bolo de chocolate húmido, esta receita é a ideal para si. É uma receita saudável, fácil de fazer e deliciosa. 🍌🍫🎂 

Além disso, esta receita é rica em proteínas e tem poucas calorias, tornando-a uma opção saudável para quem quer perder peso ou manter uma dieta equilibrada.

𝗩𝗲𝗷𝗮 𝗮𝗾𝘂𝗶 𝗮 𝗿𝗲𝗰𝗲𝗶𝘁𝗮 𝗰𝗼𝗺𝗽𝗹𝗲𝘁𝗮 :
👇👇👇👇👇👇
https://anasousanutricionista.com/receitas/bolo-de-chocolate-humido/
.
.
.
.
#bolodechocolate #bolodebanana #saudável #receitasaudavel #docesaudavel #comidasaudavel #cozinhasaudavel #vidasaudavel #alimentacaosaudavel #bananachocolate #lowcarb #fit #healthy #nutritivo #delicioso #anasousanutricionista",0,"04/02/2023 11:04",N/A,https://www.facebook.com/AnaSousaNutri/posts/pfbid02WXGMd3yMc2wBUGYJygqaALyFgkc2UTP63CLEu4KgLrG5UJ4yvwYxd91Si4Yms8ajl,0,0,Foto,,,,,"Toda a duração",0,0,0,0,16906,24,407,81,512,17106,280,109,748,,1137,0,0,1,,,,
796073172042805,109287267400493,"Ana Sousa Nutricionista",,"𝗧𝗼𝗿𝘁𝗶𝗹𝗵𝗮𝘀 𝗱𝗲 𝗙𝗿𝗮𝗻𝗴𝗼
🌮🌮🌮
Estas tortilhas são uma óptima opção saudável para variar as suas refeições, para além de ser super saborosos.

🌮𝗜𝗻𝗴𝗿𝗲𝗱𝗶𝗲𝗻𝘁𝗲𝘀
• 8 Tortilhas de milho ou farinha
• 4 peitos de frango sem osso
• 2 colheres de sopa de azeite
• 1 colher de sopa de sumo de lima ou limão
• 1 alho picado
• Pimenta preta a gosto
• Orégãos a gosto
• Sal a gosto
• Meia cebola média picada
• Coentros Picados

🌮𝗣𝗮𝘀𝘀𝗼 𝗮 𝗣𝗮𝘀𝘀𝗼
1 - Num recipiente, temperar os peitos de frango com 1 colher de azeite, o sumo de lima, o alho picado, a pimenta, o sal e os orégãos e deixe repousar no mínimo 1 hora. Se puder, deixe toda a noite no frigorifico.
2 - Numa frigideira aqueça 1 colher de azeite e, em lume médio, adicione os peitos de frango e cozinhe até dourar, cerca de 6-8 minutos de cada lado. Reserve a marinada.
3 - Pré-aqueça o forno a 190ºC e asse os peitos de frango durante 30 a 35 minutos.
4 - Corte ou desfie o frango em pedaços pequenos, coloque novamente na frigideira e adicione a marinada. Cozinhe mais um pouco para misturar os sabores.
5 - Aqueça as tortilhas de acordo com as instruções da embalagem e disponha o frango nas tortilhas. Adicione a cebola picada e os coentros a gosto.

🟢Visita o blog para mais receitas saudáveis e saborosas🥰
👇👇👇👇👇
www.anasousanutricionista.com
.
.
.
.
.
.
#frango #mexicanfood #alimentaçãosaudável #spicy #nutricionista #receita #nutrição #perderpeso #tortilhas #emagrecer #portugal #vegan #fitness #chicken #corposão #food #receitas #healthylifestyle #emagrecimento #vegetariano #instafood #fit #dieta #mentesã #nutricao #dica #vidasaudavel #anasousanutricionista",0,"04/04/2023 11:04",N/A,https://www.facebook.com/AnaSousaNutri/posts/pfbid0ehtnm4x3jV542QDsBEDXe4iKK7zaFuMpcqZpyz8rHqCvro97sj3d9uLQv7XduYjHl,0,0,Foto,,,,,"Toda a duração",0,0,0,0,6457,7,163,23,193,7779,58,97,8,,163,0,0,,,,,
801484884834967,109287267400493,"Ana Sousa Nutricionista",,"𝗗𝗼𝗿𝗺𝗶𝗿 𝗠𝗮𝗹 𝗲 𝗖𝗼𝗺𝗲𝗿 𝗣𝗶𝗼𝗿

Você sabia que a privação do sono pode afetar diretamente a sua alimentação?
É verdade! Dormir pouco pode aumentar a ingestão de calorias, reduzir a saciedade e até alterar a escolha dos alimentos. 

Quer saber mais sobre esse assunto e entender como é que ele pode estar a afetar a sua saúde?

Aceda ao nosso blog agora e veja o artigo completo.
👇👇👇👇
https://anasousanutricionista.com/psicologia/o-impacto-da-privacao-de-sono-na-alimentacao/

#sono #alimentação #saúde #bemestar #qualidadedevida Eduarda Figueiras #anasousanutricionista #psicologia #nutrição #blogpost",0,"04/12/2023 04:04",N/A,https://www.facebook.com/AnaSousaNutri/posts/pfbid02jmn3rTgWPFVoameoJ33ZzCcZbSfKdtPAgdBjS76wwr6E964cLS7pHTAKDRJdSY2Dl,0,0,Foto,,,,,"Toda a duração",0,0,0,0,4645,0,76,3,79,4943,14,17,43,,74,0,0,,,,,
802487781401344,109287267400493,"Ana Sousa Nutricionista",,"𝗢𝗽çõ𝗲𝘀 𝗦𝗮𝘂𝗱á𝘃𝗲𝗶𝘀 𝗽𝗮𝗿𝗮 𝗮 C𝗲𝗶𝗮

É daquelas pessoas que janta cedo e deita-se tarde, e não sabe o que comer?
Aqui ficam algumas dicas práticas e leves para o dia-a-dia!

❤

1 - Iogurte: O iogurte é uma excelente escolha antes de dormir. Além de ser leve, contém probióticos que favorecem a saúde intestinal.

2 - Frutas: Frutas como maçã, pera, melancia e morango são leves e ricas em fibras. Desta forma, elas ajudam a combater a fome e a sensação de inchaço.

3 - Nozes: As nozes são ricas em proteínas e gorduras saudáveis, que ajudam a manter a sensação de saciedade durante a noite.

4 - Queijo cottage: O queijo cottage é uma excelente opção para quem busca um alimento leve e rico em proteínas antes de dormir.

5 - Ovo: O ovo é uma ótima fonte de proteínas e aminoácidos essenciais, que são importantes para a recuperação muscular durante o sono.

6 - Chá de camomila: O chá de camomila é uma excelente escolha para quem precisa relaxar antes de dormir. Ele ajuda a reduzir a ansiedade e a melhorar a qualidade do sono.
.
.
.
.
.
#nutrição #ceia #alimentaçãosaudável #emagrecer #fome #snack #portugal #vegan #fitness #corposão #emagrecimento #food #healthylifestyle #vegetariano #dieta #comida #delicious #jantarcedo #gym #mentesã #saude #foodie #health #perderpeso #instagood #anasousanutricionista",0,"04/13/2023 11:04",N/A,https://www.facebook.com/AnaSousaNutri/posts/pfbid0duNRgjS4FNNrLBuDWZLJhPKab5VsyracJmoCDjXKnZT5vTojnWDmgT9GEj7uPdK3l,0,0,Foto,,,,,"Toda a duração",0,0,0,0,22937,17,752,46,815,24523,489,2705,,,3194,0,0,,,,,
804559441194178,109287267400493,"Ana Sousa Nutricionista",,"𝗦𝗼𝗽𝗮 𝗱𝗲 𝗟𝗲𝗻𝘁𝗶𝗹𝗵𝗮𝘀

Rica em proteínas e fibras, esta sopa é uma opção saudável e saborosa para quem quer ter uma #alimentaçãosaudável ou quer #perderpeso.
Não perca esta receita em:
👇👇👇👇
https://anasousanutricionista.com/receitas/sopa-de-lentilhas/
.
.
.
.
#sopadelentilhas #sopa #nutrientes #lentilhas #proteina #emagrecer #soup #healthyfood #protein #fitness #portugal #dietasemsofrer #emagrecimento #sopasaudável #comasopa #fit #dieta #comidasaudável #lisboa #saude #vidasaudavel #foodie #delicious #nutricao #anasousanutricionista",0,"04/16/2023 10:04",N/A,https://www.facebook.com/AnaSousaNutri/posts/pfbid0WLEfRoeHGsrrbRBMh7YfFxe2VgDD7rR32eQfNn27frorhMtr3SUHkN3ZcKPgrqXZl,0,0,Foto,,,,,"Toda a duração",0,0,0,0,7560,7,109,16,132,8019,191,57,295,,543,0,0,,,,,
806024457714343,109287267400493,"Ana Sousa Nutricionista",,"𝟱 𝗧𝗶𝗽𝗼𝘀 𝗱𝗲 𝗔𝗹𝗶𝗺𝗲𝗻𝘁𝗼𝘀 𝗽𝗮𝗿𝗮 𝗕𝗮𝗶𝘅𝗮𝗿 𝗼 𝗖𝗼𝗹𝗲𝘀𝘁𝗲𝗿𝗼𝗹

Sabia que existem alimentos que ajudam a combater o colesterol ""mau""?
É verdade! 
Incorporando esses 5 tipos de alimentos na sua alimentação, é possível diminuir os níveis de colesterol e manter a saúde em dia! 

Conheça tudo sobre o colesterol no artigo no blog.

𝗖𝗮𝗿𝗿𝗲𝗴𝘂𝗲 𝗮𝗾𝘂𝗶:
👇👇👇👇
https://anasousanutricionista.com/nutricao/colesterol/
.
.
.
.
.
.
#combateaocolesterol #alimentacaosaudavel #saudeemdia #nutricionista #colesterol #healthylifestyle #lisboa #nutrição #healthyfood #vidasaudavel #vivermaisemelhor #nutricao #fitness #pequenoalmoco #health #comidadeverdade #comerbem #saude #instafood #nutrition #ntc #comidasaudavel #anasousanutricionista",0,"04/18/2023 11:04",N/A,https://www.facebook.com/AnaSousaNutri/posts/pfbid021k6eqUbxQXNyBJp2zMMvivWATSPupJHmhoDZSqhfeiURaSQcvY9HgP7gZRtsjKJMl,0,0,Foto,,,,,"Toda a duração",0,0,0,0,8240,2,229,24,255,9289,190,1214,33,,1437,0,0,,,,,
806481557668633,109287267400493,"Ana Sousa Nutricionista","9 Motivos para comer sopa todos os dias - Simply Flow by Fátima Lopes",,0,"04/19/2023 04:04",N/A,https://www.facebook.com/AnaSousaNutri/posts/pfbid02YfL1vWzS5DimCaLCeKBHZWmXdQoD42zj5QtLfij71y32g4oETFjLmWQkDPVqkGkfl,0,0,Ligação,,,,,"Toda a duração",0,0,0,0,3023,0,31,3,34,3407,20,,152,,172,0,0,,,,,
807423600907762,109287267400493,"Ana Sousa Nutricionista",,"𝟱 𝗦𝘂𝗴𝗲𝘀𝘁õ𝗲𝘀 𝗱𝗲 𝗔𝗹𝗺𝗼ç𝗼

Estas receitas são saudáveis, saborosas, nutritivas e rápidas para incluir na sua rotina alimentar!🥗🌿

1️⃣ Salada de Quinoa e Legumes
2️⃣ Salmão Assado com Legumes
3️⃣ Frango Grelhado com Legumes no Forno
4️⃣ Frango com Caril e Legumes
5️⃣ Salada de Atum

Gostou das sugestões? Além de deliciosas, estas receitas são excelentes opções para quem quer adotar uma alimentação mais saudável e equilibrada. 🙌🏼 

#saude #alimentacaonatural #receitasaudavel #almoço #comidasaudavel #nutricionsita, #receitadanutri #anasousanutricionista",0,"04/20/2023 12:04",N/A,https://www.facebook.com/AnaSousaNutri/posts/pfbid02ZDKuefVJFDGqaM8SnB3hHjmLkPYUhBkU34pF8tPzQ1HLDYVBMLejt5H2ZHGd39iLl,0,0,Foto,,,,,"Toda a duração",0,0,0,0,9247,4,163,46,213,11038,146,934,,,1080,0,0,,,,,
809336660716456,109287267400493,"Ana Sousa Nutricionista",,"𝑩𝒓𝒖s𝒄𝒉𝒆𝒕𝒂𝒔

Nestes dias experimentei esta receita alternativa de bruchetta. Foi uma agradável surpresa, tanto para miudos e para graúdos.

🟢É uma boa e saudável opção como entrada para surpreender os seus convidados ou então para uma refeição mais leve.

Eu fiz na Bimby, contudo tambem dá para fazer em tacho.

𝗧𝗲𝗻𝗵𝗮 à 𝗺ã𝗼
- 2 dentes de alho, 
- 100 g cebola
- 5 g azeite
- 250 g tomate-cereja
- 120 g queijo mozarela fresco
- ½ c. chá de sal
- 1 pitada de pimenta
- 2 c. sopa de azeitonas pretas em rodelas
- Orégãos q.b. p/ polvilhar

𝗣𝗮𝘀𝘀𝗼 𝗮 𝗣𝗮𝘀𝘀𝗼
1 - Num tacho coloque o azeite, a cebola picada, o alho picado e o tomate. Refogue até alourar.
2 - Adicione o queijo mozarela, o sal, a pimenta e a azeitona e envolva bem.
3 - Retire e distribua pelas fatias de pão, polvilhe com orégãos e leve ao forno a 200°C cerca de 15-20 minutos. 
Sirva de seguida.

🥰Facil não é?

👉Qual a sua receita de bruschetta preferida?
.
.
.
.
.
#brucheta #bruschetta #healthy #receitasaudável #nutricionista #bimby #porto #fitness #nutrição #thermomix #fit #receita #food #gym #saúde #nutricao #lifestyle  #health #mediterranicfood #workout #foodie #anasousanutricionista",0,"04/23/2023 11:04",N/A,https://www.facebook.com/AnaSousaNutri/posts/pfbid02KGjcoM54SM3HyfxvcwpTytH4dKnritEnL8AzBN3znpH9PzGSiPfA5Q5eDns9FGA5l,0,0,Foto,,,,,"Toda a duração",0,0,0,0,3488,3,43,7,53,3791,48,25,,,73,0,0,,,,,
810665997250189,109287267400493,"Ana Sousa Nutricionista",,"𝟰 𝗗𝗶𝗰𝗮𝘀 𝗽𝗮𝗿𝗮 𝗜𝗻𝗰𝗹𝘂𝗶𝗿 𝗺𝗮𝗶𝘀 𝗟𝗲𝗴𝘂𝗺𝗲𝘀 𝗻𝗮 𝘀𝘂𝗮 𝗔𝗹𝗶𝗺𝗲𝗻𝘁𝗮çã𝗼🌿🥕

👉  Sabia que uma dieta rica em legumes pode ajudar na sua saúde e manter o peso em equilíbrio?

A nossa nutricionista filipacosta.nutricionista deixa-lhe 4 truques faceis para utilizar no dia a dia e começar a comer mais legumes:

1️⃣ Aposte na combinação de sabores
2️⃣  Altere a textura
3️⃣ Use e abuse de especiarias e ervas aromáticas
4️⃣ Aposte na organização e praticidade para o dia a dia

👉Saiba porquê em:
https://anasousanutricionista.com/nutricao/dicas-para-comer-legumes/

🌟  Com estas dicas, a sua Alimentação vai ficar ainda mais saudável e saborosa!
.
.
.
.
.
#saúde #dieta #legumes #sopa #saladas #alemanha #avidacomoelaé #foodlover #fitness #delicious #germany #vida #diet #souptime #alimentaçãosaudável #deutschland #thanksgod #fit #plantbased #aspargos #europa #ciêncianaprática  #vegetables #summervibes #refogado #anasousanutricionista",0,"04/25/2023 11:04",N/A,https://www.facebook.com/AnaSousaNutri/posts/pfbid021SqrMTMZiuBJoBXopcYDcAFo7Zvzh6YafE8dBbQvrpH4tyRVDuLLPgyy9LTMbiwFl,0,0,Foto,,,,,"Toda a duração",0,0,0,0,5154,2,100,6,108,5543,69,635,10,,714,0,0,,,,,
812044427112346,109287267400493,"Ana Sousa Nutricionista",,"𝗖𝗼𝗺𝗯𝗶𝗻𝗮çõ𝗲𝘀 𝗡𝘂𝘁𝗿𝗶𝗱𝗮𝘀

🟢Quem é fã desta combinação?

Preferes?
👍 Assada
❤️Cozida
😂Natural

Diz-me nos comentários.
.
.
.
.
#maça #canela #nutrição #nutricionista #alimentaçãosaudável #portugal #massaassada #instafood #vegan #healthylifestyle #combinaçõesnutridas #corposão  #fitness #vegetariano #gym #nutricao #mentesã #health #goodmorning #healthy #anasousanutricionista",0,"04/27/2023 11:04",N/A,https://www.facebook.com/AnaSousaNutri/posts/pfbid02KZzPr8gMHJ5ggip7z3H1yWGzzEGQ1gTHA4uYc86KWKirLgqggb64wuepbyevNJUKl,0,0,Foto,,,,,"Toda a duração",0,0,0,0,4478,43,110,1,154,4979,284,35,,,319,0,0,,,,,
814880193495436,109287267400493,"Ana Sousa Nutricionista",,"🍎🥕 Ensinar bons hábitos alimentares aos nossos filhos é fundamental para garantir que cresçam saudáveis e felizes! 

Além de proporcionar todos os nutrientes que precisam para se desenvolverem, uma alimentação equilibrada é importante para prevenir doenças e manter uma boa qualidade de vida. 💪

💦 É importante lembrar também da hidratação, por isso, água deve ser sempre a primeira opção na hora da sede. E nada melhor do que incluir os pequenos na escolha dos alimentos, apresentando novos sabores e texturas de forma divertida! 🥦🥑

#nutricionista #comidasaudavel #familiasaudavel #alimentacaosaudavel #filhossaudaveis #vidasaudavel #saudedacrianca #habitosalimentares #comerbem #educacaoalimentar #alimentacaoinfantil",0,"05/01/2023 12:05",N/A,https://www.facebook.com/AnaSousaNutri/posts/pfbid02j1L1cjs8hUWKFxLF7jV2421ZzVKbN8wredueAGcRwNSWLGLvL4DWqZrsKoq8m3bfl,0,0,Foto,,,,,"Toda a duração",0,0,0,0,3245,0,32,1,33,4436,14,165,,,179,0,0,,,,,
1303515090510744,109287267400493,"Ana Sousa Nutricionista",,"Delicia de Weetabix - Receita
#emagrecimento #perderpeso #nutricao #programasemagrecimento #dieta #comidasaudavel",23,"05/02/2023 13:05",N/A,https://www.facebook.com/reel/1303515090510744/,0,0,"Reels do FB",,,,,"Toda a duração",,8.85,,54857.86,4417,4,146,27,177,,,,,,,0,0,,0,6202,,
816297096687079,109287267400493,"Ana Sousa Nutricionista",,"Deixo-vos mais um testemunho de sucesso🙏

#emagrecimento #perderpeso #programasemagrecimento #sucesso #objetivo #nutrição #anasousanutricionista",0,"05/03/2023 12:05",N/A,https://www.facebook.com/AnaSousaNutri/posts/pfbid0xKt73dm1R1mcaeRAzDqUTVwDdVv8H2nKKdhKFT5bNQvEWjNuuZfpWTkFSG9w6gZPl,0,0,Foto,,,,,"Toda a duração",0,0,0,0,3654,0,29,0,29,4034,51,258,,,309,0,0,,,,,
256832960081196,109287267400493,"Ana Sousa Nutricionista",,"🍽️ Comer fora de casa pode ser uma tentação para quem quer manter uma alimentação saudável, mas não precisa de ser assim! 

Eu costumo fazer uma lista de restaurantes com opções saudáveis e equilibradas. 

Assim, quando estou fora de casa, consigo desfrutar de uma refeição sem me sentir culpada depois. 

🙌🏼 Alguns dos meus sítios favoritos incluem: 

🍴🥗🍣[INSERIR RESTAURANTES SAUDÁVEIS]

#alimentacaosaudavel #restaurante #comerfora #saudavel #dicasnutricionais",25,"05/05/2023 12:05",N/A,https://www.facebook.com/reel/256832960081196/,0,0,"Reels do FB",,,,,"Toda a duração",,6.53,,13381.57,1902,0,33,0,33,,,,,,,0,0,,0,2050,,
818615553121900,109287267400493,"Ana Sousa Nutricionista",,"🌾🥣 A aveia é um dos alimentos mais saudáveis que podemos incluir na nossa dieta!

🙌🏼 Rica em fibras, proteínas e vitaminas, ajuda a controlar o açúcar no sangue, a manter-nos saciados e a regular o trânsito intestinal. 😍

👉🏼 Além disso, é super versátil e pode ser consumida de várias formas: em flocos, papas, granola, biscoitos e até mesmo em receitas salgadas. 🍪🥗

🌟 Adicione este superalimento à sua rotina e sinta a diferença! 

#aveia #alimentacaosaudavel #vidasaudavel #saude #bemestar #nutricao #dieta #fibras #proteinas #vitaminas",0,"05/06/2023 12:05",N/A,https://www.facebook.com/AnaSousaNutri/posts/pfbid0dtiRPWuQgFbEf62QxxJAScXmHWmFmGWmfoxe21zgKGJJryLecQNmut3hPqfzc5W3l,0,0,Foto,,,,,"Toda a duração",0,0,0,0,12056,0,123,11,134,14456,153,1216,2,,1371,0,0,,,,,
820016696315119,109287267400493,"Ana Sousa Nutricionista",,"🐟🍽️ Quem disse que comer bem é chato nunca provou um delicioso salmão! 🤤 

Além de ser um peixe saboroso, ele é rico em ômega 3, um nutriente essencial para o funcionamento do nosso cérebro e coração. 

O salmão também é fonte de proteína de alta qualidade e de vitaminas do complexo B. 

E o melhor? É super fácil de preparar! 🐟🍴 

🥦 Basta grelhar ou assar e servir com legumes cozidos. 

#salmão #peixes #comidasaudavel #alimentacaosaudavel #omega3 #vidasaudavel #nutricaofuncional #nutricaocomportamental",0,"05/08/2023 12:05",N/A,https://www.facebook.com/AnaSousaNutri/posts/pfbid02TSAKFur4vJPMNFU7kYNnHi7KdugWcPS2TwSW9Ca32adVzdsp6bjgYCT9uxDv4zhgl,0,0,Foto,,,,,"Toda a duração",0,0,0,0,5692,1,68,7,76,6530,30,351,,,381,0,0,,,,,
796424965433888,109287267400493,"Ana Sousa Nutricionista",,"😄 Está difícil controlar essa fome durante a noite? 🌙

Como nutricionista, tenho algumas dicas para partilhar contigo!

Começa por fazer refeições mais equilibradas ao longo do dia e inclui alimentos ricos em proteína e fibra para te sentires saciado(a) por mais tempo. 🥦🍗

Outra sugestão é fazer um lanche leve antes de dormir, como um iogurte com fruta ou um chá com uma tosta de abacate.🍓🍵

E lembra-te de beber água ao longo do dia para manteres o corpo hidratado! 

💦 Com estas dicas, vais conseguir dormir descansado(a) sem acordares com fome. 😴👍

#nutricionista #dicasnutricionais #alimentacaosaudavel #fomeanoturna #saudeebemestar #dormirbem #comerbem #vidasaudavel",8,"05/09/2023 12:05",N/A,https://www.facebook.com/reel/796424965433888/,0,0,"Reels do FB",,,,,"Toda a duração",,5.75,,20047.3,3289,0,45,1,46,,,,,,,0,0,,0,3490,,
821029892880466,109287267400493,"Ana Sousa Nutricionista",,"🌊BEBER ÀGUA NEM SEMPRE É FÁCIL💧

💦🥤Manter o corpo hidratado é essencial para uma vida saudável, mas na correria do dia a dia, acabamos por nos esquecer.

😊 Aqui vai a lista do que eu faço, para não me esquecer:

1️⃣ Tenho uma garrafa de água sempre comigo, no trabalho, em casa, na mala, etc.

2️⃣ Adiciono à água um sabor natural, como limão, hortelã ou pepino.

3️⃣ Sempre que possível, como alimentos ricos em água, como melancia e pepino.

4️⃣ Tenho um copo de água ao lado da cama para beber assim que acordo.

💦 Não se esqueça que beber água é fundamental para o bom funcionamento do seu corpo.

Mantenha-se hidratado e sinta a diferença! 

#hidratação #água #saúde #bemestar #dicasdesaúde #nutrição #vivabem #bebaágua #saúdedamulher #vidasaudável",0,"05/10/2023 00:05",N/A,https://www.facebook.com/AnaSousaNutri/posts/pfbid0fARznKMHKtEqUS3MGzr5ebvbsS6oaJnnB8uTbsWqoiUeiu5BEc2WurucAZZ2jG9El,0,0,Foto,,,,,"Toda a duração",0,0,0,0,12606,17,348,12,377,13003,291,77,1,,369,0,0,,,,,
1236817387039939,109287267400493,"Ana Sousa Nutricionista",,"👩‍🍳 𝗦𝗮𝗯𝗲 𝗾𝘂𝗮𝗹 é 𝗮 𝘀𝘂𝗮 𝗻𝗲𝗰𝗲𝘀𝘀𝗶𝗱𝗮𝗱𝗲 𝗱𝗶á𝗿𝗶𝗮 𝗱𝗲 𝗰𝗮𝗹𝗼𝗿𝗶𝗮𝘀?

É importante sabermos quantas calorias precisamos diariamente para manter o nosso peso e também para ajustarmos a nossa dieta se quisermos perder ou ganhar peso de forma saudável.

🍽️ Para saber a necessidade diária de calorias, pode utilizar fórmulas simples. Mas lembre-se, estes cálculos são apenas uma estimativa e é importante que ajuste a sua dieta de acordo com as suas necessidades individuais.

💪 Comece a prestar atenção às suas necessidades calóricas, e fale com um nutricionista para adequar a sua dieta aos seus objetivos!

Saiba mais acerca de 𝗱é𝗳𝗶𝗰𝗲 𝗰𝗮𝗹ó𝗿𝗶𝗰𝗼 em:
👇👇👇👇
https://anasousanutricionista.com/nutricao/deficit-calorico/

#nutrição #saúde #bemestar #alimentaçãosaudável #calorias #dieta #vidasaudável #dicasdesaúde #emagrecimento #ganhopeso #saudenoprato #comidadeverdade #estilodevidasaudavel",57,"05/11/2023 12:05",N/A,https://www.facebook.com/reel/1236817387039939/,0,0,"Reels do FB",,,,,"Toda a duração",,8.44,,21813.75,2531,2,55,3,60,,,,,,,0,0,,0,2586,,
822906882692767,109287267400493,"Ana Sousa Nutricionista",,"🌸 Sabia que a alimentação tem um papel importante na saúde íntima feminina? 

Manter uma alimentação equilibrada é essencial para o bom funcionamento do organismo e para prevenir doenças. 

Alimentos ricos em fibras, probióticos e antioxidantes são ótimos aliados para a saúde íntima. 

Quer saber mais? Visite o nosso BLOG! 💬 

#saudeintima #alimentacaosaudavel #nutricao #saude #bemestar #mulheres #vidasaudavel #alimentos #probioticos #antioxidantes #fibras",0,"05/12/2023 12:05",N/A,https://www.facebook.com/AnaSousaNutri/posts/pfbid02BwUGivVZXa5jRmmoNRHgKFJbBwurRjTyqijHyTEwDSTbdGXGjnu1VTjdQEx5xSMrl,0,0,Foto,,,,,"Toda a duração",0,0,0,0,3324,0,49,2,51,4405,40,388,,,428,0,0,,,,,
643207923803531,109287267400493,"Ana Sousa Nutricionista",,"#FomeEmocional

Fome emocional é a necessidade de preencher uma necessidade emocional através de comida. 
Neste vídeo, a nossa colega Eduarda Figueiras Psicóloga  explica o que é a fome emocional e os sintomas associados a ela.

Não deixe que a fome emocional comande a seu dia dia.
🤝💡Entre em contacto e saiba como a podemos ajudar.

 #FomeEmocional #Psicologia #EduardaFigueiras #ConsultaPsicologia #consciência #ansiedade #stress #viverbem",63,"05/14/2023 14:05",N/A,https://www.facebook.com/reel/643207923803531/,0,0,"Reels do FB",,,,,"Toda a duração",,10.3,,23452.02,2079,1,46,2,49,,,,,,,0,0,,0,2278,,
825046162478839,109287267400493,"Ana Sousa Nutricionista",,"🍴🧘🏼‍♀️🤔 Já ouviu falar em fome emocional e fome física? 🤔🧘🏼‍♀️🍴 

É importante saber a diferença para uma alimentação equilibrada.
 
👇👇👇👇
https://anasousanutricionista.com/psicologia/fome-vontade-comer/

A fome emocional é aquela que surge em momentos de ansiedade, estresse ou tristeza, enquanto a fome física é aquela que surge quando o corpo realmente precisa de energia. 🙅🏼‍♀️🍪

🍫 Evite comer por impulso e aprenda a ouvir o seu corpo para uma alimentação saudável e equilibrada. 😉 

#nutricao #fomeemocional #fomefisica #saude #bemestar #alimentacaosaudavel",0,"05/15/2023 12:05",N/A,https://www.facebook.com/AnaSousaNutri/posts/pfbid02tPJZvzZT4sgbzxwVTzoYNnD67qvhmG3KK46wygdZ618EuLfBKG6Gwyvd4JhHLxJnl,0,0,Foto,,,,,"Toda a duração",0,0,0,0,5454,0,68,4,72,7623,53,308,1,,362,0,0,,,,,
975776946765328,109287267400493,"Ana Sousa Nutricionista",,"🚫 🍞❌ Esqueça o mito de que para perder peso deve cortar nos hidratos de carbono! 

Eles são fundamentais para o bom funcionamento do organismo e são uma fonte de energia essencial!

🥖🥔🍠 Os hidratos de carbono devem ser incluídos numa alimentação equilibrada, sempre tendo em conta as suas necessidades diárias de calorias e o tipo de atividade física que pratica.

🍝🍞🥨 Para uma alimentação saudável e equilibrada, prefira fontes de hidratos de carbono complexos, como pão integral, massas integrais, batata-doce, quinoa, entre outros.

🥗🍅🥦 Não se esqueça de incluir também as verduras e legumes, frutas, proteínas magras e gorduras saudáveis.

Conheça os #programasdeemagrecimento em:
👇👇👇👇
https://anasousanutricionista.com/servicos/programa-emagrecimento/

#hidratosdecarbono #alimentacaosaudavel #emagrecer #dietaequilibrada #nutricao #saude #alimentacaosaudavelsempre #comidasaudavel #saudavel #vidasaudavel #saudeebemestar #comidadeverdade #comidadeverdade #alimentacaonatural #comersaudavel #comerbem #nutricaoesaude #dietaflexivel #equilibrio #fitness #emagrecimento #vidasaudável",52,"05/16/2023 11:05",N/A,https://www.facebook.com/reel/975776946765328/,0,0,"Reels do FB",,,,,"Toda a duração",,7.75,,36067.43,2467,3,69,3,75,,,,,,,0,0,,0,4652,,
826155339034588,109287267400493,"Ana Sousa Nutricionista",,"Olá a todas!

Hoje partilho uma forma divertida de aprender sobre alimentação saudável. Vejam esta sopa de letras!

No primeiro desafio tem um ingrediente da receita que vai sair amanha!
Tente adivinhar.
boa sorte😁

#sopadeletras #desafios #nutricao #alimentacaosaudavel #saudeebemestar",0,"05/17/2023 00:05",N/A,https://www.facebook.com/AnaSousaNutri/posts/pfbid02KFKFPUctXkX3tFNyXXqvX9EfWaAzCkpg9SckRLNkJtW4RtHwVb6M8y5eitwuu6L9l,0,0,Foto,,,,,"Toda a duração",0,0,0,0,2090,1,10,1,12,2322,47,76,,,123,0,0,,,,,
1185360885480917,109287267400493,"Ana Sousa Nutricionista",,"🚫 🍞❌ Esqueça o mito de que para perder peso deve cortar nos hidratos de carbono! 

Eles são fundamentais para o bom funcionamento do organismo e são uma fonte de energia essencial!

🥖🥔🍠 Os hidratos de carbono devem ser incluídos numa alimentação equilibrada, sempre tendo em conta as suas necessidades diárias de calorias e o tipo de atividade física que pratica.

🍝🍞🥨 Para uma alimentação saudável e equilibrada, prefira fontes de hidratos de carbono complexos, como pão integral, massas integrais, batata-doce, quinoa, entre outros.

🥗🍅🥦 Não se esqueça de incluir também as verduras e legumes, frutas, proteínas magras e gorduras saudáveis.

Conheça os #programasdeemagrecimento em:
👇👇👇👇
https://anasousanutricionista.com/servicos/programa-emagrecimento/

#hidratosdecarbono #alimentacaosaudavel #emagrecer #dietaequilibrada #nutricao #saude #alimentacaosaudavelsempre #comidasaudavel #saudavel #vidasaudavel #saudeebemestar #comidadeverdade #comidadeverdade #alimentacaonatural #comersaudavel #comerbem #nutricaoesaude #dietaflexivel #equilibrio #fitness #emagrecimento #vidasaudável",52,"05/17/2023 06:05",uploaded,https://www.facebook.com/reel/1185360885480917/,0,0,"Reels do FB",,,,,"Toda a duração",,8.85,,19198.43,2019,0,44,1,45,,,,,,,0,0,,0,2169,,
1577589902725785,109287267400493,"Ana Sousa Nutricionista",,"Rice Cake

Vê a sugestão da nossa nutricionista filipacosta.nutricionista para um lanche mais saudável e saboroso.
Vê como fazer no video.

#reelsinstagram #recipes #saudável #sobremesa #healthyeating",38,"05/18/2023 00:05",N/A,https://www.facebook.com/reel/1577589902725785/,0,0,"Reels do FB",,,,,"Toda a duração",,10.39,,63731.19,5182,9,174,36,219,,,,,,,0,0,,0,6146,,
827971818852940,109287267400493,"Ana Sousa Nutricionista",,"🍤 Sabia que o camarão é uma excelente fonte de proteína, vitaminas e minerais essenciais? 🍤

Além disso, é rico em ômega-3, que ajuda a reduzir inflamações no corpo e a prevenir doenças cardiovasculares.

◾Fica a conhecer esta deliciosa receita de Massa com Camarão e Legumes
👇👇👇
https://anasousanutricionista.com/receitas/massa-camarao/

#camarão #frutosdomar #frutosdomarmadeinportugal #proteína #ômega3 #saúde #alimentaçãosaudável #nutrição #dicasdenutrição",0,"05/19/2023 12:05",N/A,https://www.facebook.com/AnaSousaNutri/posts/pfbid0t4jqkzo2WttE3H59Jr8YWYa1Juuj5b1deT9KvYyLBdF1R1ZLRgUMNQhbfPDwxJrol,0,0,Foto,,,,,"Toda a duração",0,0,0,0,6922,0,74,7,81,7864,66,547,29,,642,0,0,,,,,
830329505283838,109287267400493,"Ana Sousa Nutricionista",,"Hoje decidi comparar duas marcas de granola que encontrei no supermercado! 🌾

🌱🍓Embora a segunda opção seja saborosa, a quantidade de açúcar é alta e pode não ser a melhor escolha para uma alimentação equilibrada. 

Já a primeira opção de granola é uma excelente opção para quem procura uma granola mais saudável e com menos açúcar adicionado.

Lembre-se sempre de verificar os rótulos dos produtos antes de comprar e optar por opções mais saudáveis! 🙌

#granola #comparação #saudável #alimentaçãosaudável #escolhasaudável #alimentaçãoequilibrada #vidasaudável #nutrição #dicasdenutrição #alimentaçãosaudavel #semadicaçãoaçúcar",0,"05/22/2023 11:05",N/A,https://www.facebook.com/AnaSousaNutri/posts/pfbid0tBqb5QVUhQnHX7ANpedMDKsLnDkeATt6kwRgGxJdDaYPkgkEuHTWwyt62pqnXKx5l,0,0,Foto,,,,,"Toda a duração",0,0,0,0,8379,8,142,4,154,10245,146,1082,,,1228,0,0,,,,,
139600505781822,109287267400493,"Ana Sousa Nutricionista",,"🌡️🌞 Em dias quentes ou durante atividades físicas intensas, temos que beber mais água para repor o líquido perdido pelo suor.

🚰💧 Lembre-se: manter-se hidratado é importante para o bom funcionamento do corpo e ajuda a prevenir a desidratação e seus efeitos negativos na saúde. 

Não esqueça de beber água regularmente ao longo do dia!

#hidratação #saúde #água #nutrição #bemestar #saúdeintegral #saúdebemestar #alimentaçãosaudável #vidaesaúde #dicasdesaúde",49,"05/23/2023 12:05",N/A,https://www.facebook.com/reel/139600505781822/,0,0,"Reels do FB",,,,,"Toda a duração",,12.05,,37690.15,2827,4,108,3,115,,,,,,,0,0,,0,3131,,
831779721805483,109287267400493,"Ana Sousa Nutricionista",,"🍎 COMO É QUE A NUTRIÇÃO MUDOU A MINHA VIDA? 🥑🥦

Deste cedo tive bastante interesse em conhecer a relação entre os alimentos e o nosso corpo.

🙌🏼 Principalmente na influência tinham os alimentos nos meus hábitos, saúde e fisionomia.

Este desejo de saber mais sobre alimentação e a vontade de aprender a comer de forma a nutrir o meu corpo, levou a que decidir estudar nutrição.

Durante a Licenciatura em Nutrição, percebi a mais valia desta área, não só para o meu dia a dia, mas também como carreira. 🤗

É uma área que me permite ajudar outras pessoas a atingir os seus objetivos no que respeita a melhoria das condições de saúde. Nomeadamente, a vertente que é influenciada pela nutrição.

🌞 Deixa-me mostrar-lhe como é que a nutrição pode mudar a sua vida?

#alimentacaosaudavel #vidasaudavel #equilibrio #comidasaudavel #sabores #saude #energia #bemestar #nutricao #dicasdenutricao #nutricionista",0,"05/24/2023 12:05",N/A,https://www.facebook.com/AnaSousaNutri/posts/pfbid0KVd61FPXaUguDaJhFYZTJxcX6RSfJ69WwztSjVJrbPc3ApKny9SYtAXQjwdF4GhAl,0,0,Foto,,,,,"Toda a duração",0,0,0,0,4827,6,71,0,77,5093,78,46,6,,130,0,0,,,,,
833164685000320,109287267400493,"Ana Sousa Nutricionista",,"😃 Está difícil manter a MOTIVAÇÃO para a dieta por aí? 💪 

Aqui estão algumas dicas para a ajudar a manter a motivação:

🎯  Estabeleça objetivos realistas e específicos para  ajudar a manter o foco. 

👨‍👩‍👧‍👦 Rodeie-se de pessoas que a apoiam e incentivam a seguir a dieta. 💕

🥗👏 Lembre-se de celebrar as pequenas vitórias ao longo do caminho, como ter escolhido uma salada em vez de um hambúrguer.  

E se precisar de motivação extra, siga-me! Estou aqui para a inspirar seguir uma alimentação saudável. 📲

🌟 Eu sei que consegue! 💚

#nutricionista #motivacao #dieta #objetivos #apoiopessoal #parceirodedieta #vidasaudavel #alimentacaosaudavel #dicasnutricionais #persistencia #foco",3,"05/26/2023 12:05",N/A,https://www.facebook.com/AnaSousaNutri/posts/pfbid02HSumRj6M1Q95EmfuwvxFnouDpAmUtyj1SJHNKLDHSLDLDm161VJKBhiUyXy7DMfVl,0,0,Vídeo,,,,,"Toda a duração",656,3.94,0,5293.56,1299,2,12,0,14,1449,21,,,4,25,0,0,,0,,0,0
834724434844345,109287267400493,"Ana Sousa Nutricionista",,"🍴🚫🤔 Sabia que deixar de comer pode interferir nos resultados da sua dieta?

Quando privamos o nosso corpo de alimentos, ele entra em modo de sobrevivência, o que significa que o metabolismo fica mais lento e o corpo começa a armazenar gordura. 

🍇🍠  Por isso, é importante não fazer restrições alimentares e sim, optar por uma alimentação saudável e equilibrada. 

Lembre-se: a chave para um emagrecimento saudável é a mudança de hábitos a longo prazo! 🥦

#nutricionista #saude #emagrecimento #dicas #alimentacaosaudavel #vidasaudavel #comidadeverdade #saudenoprato #equilibrio #motivacao #saudemental #bemestar #saudeebemestar #alimentacaosaudavel #saudavel #estilodevida #vidaesaude #emagrecimentosaudavel #reeducaçãoalimentar #alimentacaoconsciente #dietasemsofrimento",0,"05/28/2023 14:05",N/A,https://www.facebook.com/AnaSousaNutri/posts/pfbid0JQHFyheF81iSdNsZfZywCChgtrHn8URWCbku68dbr4vkqSv51wZQ2WvaaeEMPk1Cl,0,0,Foto,,,,,"Toda a duração",0,0,0,0,4451,0,43,2,45,5446,21,249,,,270,0,0,,,,,
835332168116905,109287267400493,"Ana Sousa Nutricionista",,"🍽️🤔 Sabe a diferença entre intolerância e alergia alimentares? 🤔🍴

A intolerância ocorre quando o organismo tem dificuldade em digerir certos alimentos, enquanto a alergia é uma reação do sistema imunitário a determinados alimentos. 🤯

Embora possam ter sintomas semelhantes, como dor abdominal e diarreia, a alergia alimentar pode ser muito mais grave e até mesmo colocar a vida em risco. 😟

Por isso, se tiver alguma suspeita de intolerância ou alergia, é fundamental procurar um profissional de saúde para avaliação e diagnóstico. 🩺

E não se esqueça, uma alimentação equilibrada e variada é sempre a melhor opção! 🥦🍎🥩

#intoleranciaalimentar #alergiaalimentar #saude #alimentacaosaudavel #nutricao #bemestar #dieta #vidasaudavel #alimentacaobalanceada #intolerancia #alergia #saudeintestinal #alimentos",0,"05/29/2023 12:05",N/A,https://www.facebook.com/AnaSousaNutri/posts/pfbid0fDVMVzUyKfKFGHMeabj8zRARtswRjwSinqCWokDiJ1GGv4cC8HM1YSnZQtSFW2ZAl,0,0,Foto,,,,,"Toda a duração",0,0,0,0,3407,0,26,2,28,3927,22,154,,,176,0,0,,,,,
226306890153938,109287267400493,"Ana Sousa Nutricionista",,"Está cansada de tentar emagrecer sem sucesso? Parece que nada funciona? 🤒

Conheço essa sensação muito bem!

Era exatamente assim que se sentiam todas estas pessoas antes de conhecerem os nossos Programas de Emagrecimento. 🌟💪

Existem diferentes programas disponíveis, para que possa encontrar o que mais se adequa às suas necessidades e objetivos.

Vai também ter acesso a acompanhamento em todo o processo, para que nunca se sinta sozinho. 

Não perca mais tempo a lutar com a balança, nós podemos ajudar! 🍽️

📩 Ainda tem dúvidas? Envie mensagem! Vamos conversar. 

#emagrecimento #saúde #bemestar #programadeemagrecimento #corposaudável #mudançadevida""",17,"05/30/2023 12:05",N/A,https://www.facebook.com/reel/226306890153938/,0,0,"Reels do FB",,,,,"Toda a duração",,4.84,,9476.78,1837,0,24,0,24,,,,,,,0,0,,0,1959,,
836737434643045,109287267400493,"Ana Sousa Nutricionista",,"🥬🧊Você já tomou a decisão de mudar a sua alimentação e viver de forma mais saudável? 

Tudo começa com o primeiro passo!

🙌🥦Que tal dar o primeiro passo e contar com a ajuda de uma nutricionista? Deixe-me ajudá-la a descobrir a melhor alimentação para o seu estilo de vida e seus objetivos de saúde ou perda de peso.

#Nutrição #EstilodeVidaSaudável #ComeçeAgora #perderpeso #emagrecer #resultados #objetivo #amorpropio",0,"05/31/2023 12:05",N/A,https://www.facebook.com/AnaSousaNutri/posts/pfbid0dkCMXi2zGFa8W2wJQCrMWL4ZKJzmAikfJv4Dm3JhxNzdaN1SrfSdcSW28hTKsVFel,0,0,Foto,,,,,"Toda a duração",0,0,0,0,1946,0,21,0,21,2167,20,40,,,60,0,0,,,,,
208150725433526,109287267400493,"Ana Sousa Nutricionista",,"Quer emagrecer de forma saudável e sustentável? 🤔

Então, precisa conhecer os meus Programas de Emagrecimento! 🌿👩‍🍳💪

Com acompanhamento personalizado da nossa equipa de nutricionistas e profissionais de saúde, terá acesso a um plano alimentar individualizado adaptados às suas necessidades e objetivos. 🥗🏋️‍♀️

Mas não pense que é uma dieta restritiva! Os meus programas são baseados numa alimentação equilibrada e saborosa, sem deixar de lado os seus alimentos favoritos. 😋🍉🥑

Quer saber mais? Envie mensagem, ou vá até ao link na minha bio! 📞💻🗓️

Não espere mais! 🙌💚

#emagrecimentosaudavel #nutricao #educaçãofisica #alimentaçãosaudavel #bemestar #saude #felicidade""",35,"06/01/2023 11:06",uploaded,https://www.facebook.com/reel/208150725433526/,0,0,"Reels do FB",,,,,"Toda a duração",,4.72,,9232.96,1907,2,27,0,29,,,,,,,0,0,,0,1957,,
838263417823780,109287267400493,"Ana Sousa Nutricionista",,"🍽️🤔 Sabe a diferença entre intolerância e alergia alimentares? 🤔🍴

A intolerância ocorre quando o organismo tem dificuldade em digerir certos alimentos, enquanto a alergia é uma reação do sistema imunitário a determinados alimentos. 🤯

Embora possam ter sintomas semelhantes, como dor abdominal e diarreia, a alergia alimentar pode ser muito mais grave e até mesmo colocar a vida em risco. 😟

Por isso, se tiver alguma suspeita de intolerância ou alergia, é fundamental procurar um profissional de saúde para avaliação e diagnóstico. 🩺

E não se esqueça, uma alimentação equilibrada e variada é sempre a melhor opção! 🥦🍎🥩

#intoleranciaalimentar #alergiaalimentar #saude #alimentacaosaudavel #nutricao #bemestar #dieta #vidasaudavel #alimentacaobalanceada #intolerancia #alergia #saudeintestinal #alimentos",0,"06/02/2023 12:06",N/A,https://www.facebook.com/AnaSousaNutri/posts/pfbid02hbri3YqG8hjKpt4JuXHbugrzvV493TE7mZVddtoEoo4dzWfT2ecrPVYs4mswPjLSl,0,0,Foto,,,,,"Toda a duração",0,0,0,0,2155,0,24,3,27,2748,13,84,,,97,0,0,,,,,
839955567654565,109287267400493,"Ana Sousa Nutricionista",,"🚫 Sabia que o açúcar é um dos maiores vilões da alimentação infantil? 👶

O consumo excessivo de açúcar 🍭 pode levar a problemas de saúde a longo prazo, como obesidade, diabetes e cáries dentárias. 

É importante estar atento ao consumo de açúcares, principalmente em bebidas e alimentos industrializados. 

🍎 Uma boa opção é substituir os açúcares por opções mais saudáveis, como frutas e adoçantes naturais. 

Ensine os seus filhos a terem uma alimentação equilibrada desde cedo, evitando o consumo excessivo de açúcar.  🍓🍌

#saudeinfantil #alimentacaosaudavel #semacucar #vidasaudavel #nutricao #criancasaudavel #maternidade #dicasdenutricao",0,"06/05/2023 00:06",N/A,https://www.facebook.com/AnaSousaNutri/posts/pfbid0TuMZcN31gH3wTfcokDJWLUYMn2UZ92w3PLaEzRgNXJ6oDa6KocCL1Vy67LoCDXSVl,0,0,Foto,,,,,"Toda a duração",0,0,0,0,1591,0,12,1,13,2061,13,56,,,69,0,0,,,,,
124860350590702,109287267400493,"Ana Sousa Nutricionista",,"Tiramissu Saudável

Vais experimentar?

#semaçucar #tiramissu #delicia #saudável #perderpeso #emagrecercomsaude",39,"06/06/2023 00:06",N/A,https://www.facebook.com/reel/124860350590702/,0,0,"Reels do FB",,,,,"Toda a duração",,9.48,,42091.97,3954,1,86,15,102,,,,,,,0,0,,0,4447,,
841452530838202,109287267400493,"Ana Sousa Nutricionista",,"🍚🍴
Não deixem que ninguém vos diga o que é ou não é possível. 
Se o seu objetivo é emagrecer e ter uma saúde melhor, eu posso ajudá-la. 

🍐🍏Como nutricionista, eu proponho-lhe um programa de emagrecimento focado em si, na sua alimentação, sem recorrer a suplementos nem a medicamentos desnecessários.

🍹💦Uma alimentação equilibrada e saborosa de acordo com os seus gostos e hábitos alimentares, adaptada às suas necessidades, 

👩🙌Sinta-se  à vontade para entrar em contacto para saber mais sobre o serviço e os resultados que eu e a minha equipa a podemos ajudar a atingir.
👇👇👇👇
https://anasousanutricionista.com/servicos/programa-emagrecimento/

#emagrecimento #saúde #nutricionista #programaemagrecimento #perderpeso #sonhar #true #amorproprio #consultanutrição #nutrisaude #anasousanutricionista",0,"06/07/2023 00:06",N/A,https://www.facebook.com/AnaSousaNutri/posts/pfbid02VHWpZ8kXWKH7L1RDXYXJfSEr5ECJ6cy5DSxzgZf5WNcCaM1wgix1B6khPBRfpbmgl,0,0,Foto,,,,,"Toda a duração",0,0,0,0,4425,6,58,0,64,4796,89,41,11,,141,0,0,,,,,
197295269503473,109287267400493,"Ana Sousa Nutricionista",,"Fora de casa, pode ser difícil encontrar opções saudáveis para comer. 

🍌 Por isso, leve sempre consigo lanches saudáveis como frutas, barras de cereais ou nozes. 

Assim, quando surgir aquela tentação de comer algo menos saudável, já tem uma opção deliciosa e nutritiva à mão. 

😍Conheça 10 Lanches Saudáveis para levar para o trabalho:
👇👇👇
https://anasousanutricionista.com/dicas-alimentacao-saudavel/lanches-saudaveis-levar-trabalho/

Experimente! 😊🍎

#lanchessaudáveis #vidasaudável #comidasaudável #alimentaçãosaudável #levesempreconsigo #saúde #bemestar #nutrição",54,"06/08/2023 04:06",N/A,https://www.facebook.com/reel/197295269503473/,0,0,"Reels do FB",,,,,"Toda a duração",,7.13,,13289.6,1723,0,25,1,26,,,,,,,0,0,,0,1862,,
845017377148384,109287267400493,"Ana Sousa Nutricionista",,"🐟🍴🐟
Sabia que o atum é um alimento rico em nutrientes e pode ser uma ótima opção para incluir na sua alimentação? 

Além de ser uma fonte de proteína magra, o atum é rico em ômega-3, que é importante para a saúde cardiovascular.

Então que tal experimentar algumas receitas com atum e variar o seu cardápio de forma saudável? 🤔👩‍🍳

𝗥𝗲𝗰𝗲𝗶𝘁𝗮 𝗤𝘂𝗶𝗰𝗵𝗲 𝗱𝗲 𝗔𝘁𝘂𝗺
👇👇👇👇👇
https://anasousanutricionista.com/receitas/quiche-de-atum/

#alimentacaosaudavel #saude #bemestar #nutricao #alimentacaobalanceada #atum #proteina #omegatres #salada #sanduiche #sustentabilidade #receitas #cozinha #lifestyle",0,"06/11/2023 11:06",N/A,https://www.facebook.com/AnaSousaNutri/posts/pfbid09j9gqFDdxr4pD3UMk6FoiSS59svfPirn26H9abfSdAB6qYccgv8wznMyg6t8Y2cRl,0,0,Foto,,,,,"Toda a duração",0,0,0,0,3982,0,59,3,62,4896,39,477,13,,529,0,0,,,,,
845813337068788,109287267400493,"Ana Sousa Nutricionista",,"Já conhece os benefícios da quinoa? 🌱🍚

Este grãozinho tem proteína de alta qualidade, é rico em fibras, vitaminas e minerais! 

Além de ser uma excelente opção para quem tem intolerância ao glúten! 

Conheça aqui uma receita muito saborosa e nutritiva:

𝗦𝗮𝗹𝗮𝗱𝗮 𝗱𝗲 𝗤𝘂𝗶𝗻𝗼𝗮
👇👇👇👇👇
 https://anasousanutricionista.com/receitas/salada-de-quinoa-com-abacate-e-tomate/
.
.
.
.
#quinoa #saude #alimentacaosaudavel #glutenfree #dicasdenutricao",0,"06/12/2023 11:06",N/A,https://www.facebook.com/AnaSousaNutri/posts/pfbid0fRW7cHWBSdcVdGrvW9m7XebEtSLfJ5BDAgfWUBuY4KHtHMiqCiEtXeroXa6Hexzpl,0,0,Foto,,,,,"Toda a duração",0,0,0,0,4349,0,66,8,74,5362,38,341,23,,402,0,0,,,,,
846201803696608,109287267400493,"Ana Sousa Nutricionista",,"😊 Quem é que disse que começar a comer de forma saudável é fácil? 🤔

Eu sei que pode ser difícil resistir às tentações, mas acredite em mim, vale a pena! 🥦🍓🍉

Comece por fazer pequenas mudanças na alimentação, como substituir um snack menos saudável por uma fruta ou um punhado de frutos secos. 🍎🥜

E não se esqueça de experimentar novos alimentos e receitas para tornar a sua alimentação mais variada e saborosa! 🍴

💚 Ah, e se sentir uma vontade incontrolável de comer algo menos saudável, lembre-se que tudo pode ser consumido com moderação. 😉🍔🍟🍫

A chave é encontrar um equilíbrio entre comer bem e desfrutar da comida que adora. 💪🤗

#nutricionista #alimentacaosaudavel #comidasaudavel #tentacoes #moderacao #equilibrio #dicasnutricionais #novoshabitos #vidasaudavel",0,"06/12/2023 23:06",N/A,https://www.facebook.com/AnaSousaNutri/posts/pfbid02S74MZbN5ejt4ckfFFnp5zyoWY2nBJT7kwtVp8CA73VsrxAZQUN9WngqhxHfrrHPnl,0,0,Foto,,,,,"Toda a duração",0,0,0,0,4142,0,59,10,69,4277,19,47,,,66,0,0,,,,,
847352603581528,109287267400493,"Ana Sousa Nutricionista",,"🌿 COMO É QUE FAZ PARA RELAXAR? 🌿

💆‍♀️ O stress do dia-a-dia pode ser difícil de lidar, mas há formas de nos ajudar a relaxar e a enfrentar os desafios de uma forma mais tranquila. 

Para mim, a meditação é uma das melhores formas de acalmar a mente e de encontrar paz interior. 🧘‍♀️

👉 Quando me sinto sobrecarregada, faço uma pausa, encontro um lugar tranquilo, e dedico alguns minutos para meditar. 

É incrível como a simples ação de respirar fundo e concentrar-me no momento presente me ajuda a acalmar e a voltar ao meu dia mais centrada e focada.

🙏 E por aí, como é que lida com o stress?

#meditação #relaxamento #bemestar #saúdemental #autoconhecimento #mindfulness #respiração #pazinterior #autoajuda Eduarda Figueiras Psicóloga ",0,"06/14/2023 11:06",N/A,https://www.facebook.com/AnaSousaNutri/posts/pfbid0UnaJ9R1K5e6th52vVyVNiTn1BVkSBAXjrwcCfSfuMLp4FQ5xtfkya519ATiND44xl,0,0,Foto,,,,,"Toda a duração",0,0,0,0,2980,4,22,2,28,3131,21,24,,,45,0,0,,,,,
647833826978563,109287267400493,"Ana Sousa Nutricionista",,"❌MITO❌ 

O segredo para perder peso não é apenas comer menos, mas sim fazer escolhas alimentares saudáveis e equilibradas. 

Cortar drasticamente as calorias pode levar à perda de massa muscular e reduzir o metabolismo, o que dificulta a perda de peso a longo prazo. 

É importante procurar ajuda  um nutricionista para criar um plano alimentar adequado às suas necessidades e objetivos. 

Lembre-se, é uma mudança de estilo de vida, não uma dieta temporária! 🥗🏋️‍♀️ 

#nutrição #saúdeequalidadedevida #emagrecimento #comersaudável #mitossobreemagrecimento #escolhassaudáveis #nutricionista #alimentaçãosaudável",35,"06/15/2023 12:06",N/A,https://www.facebook.com/reel/647833826978563/,0,0,"Reels do FB",,,,,"Toda a duração",,9.15,,22525.8,2369,2,54,1,57,,,,,,,0,0,,0,2462,,
849040656746056,109287267400493,"Ana Sousa Nutricionista",,"𝗠𝗲𝗻𝗼𝗽𝗮𝘂𝘀𝗮

🙋‍♀️👩‍🦳Sabe que existem alimentos que podem ajudar a aliviar os sintomas da menopausa? 

Alimentos ricos em cálcio,  fitoestrogénios, e outros, podem ajudar a aliviar os afrontamentos, e os restantes sintomas. 

🍽️🍓🍠 Comer uma dieta equilibrada e variada pode ajudar a aliviar os sintomas da menopausa e a melhorar a sua qualidade de vida. 

𝗖𝗼𝗻𝗵𝗲ç𝗮 𝟳 𝗔𝗹𝗶𝗺𝗲𝗻𝘁𝗼𝘀 𝗾𝘂𝗲 𝗮 𝘃ã𝗼 𝗮𝗷𝘂𝗱𝗮𝗿 𝗰𝗼𝗺 𝗼𝘀 𝘀𝗶𝗻𝘁𝗼𝗺𝗮𝘀 𝗱𝗮 𝗠𝗲𝗻𝗼𝗽𝗮𝘂𝘀𝗮:
👇👇👇👇
https://anasousanutricionista.com/
.
.
.
.
#menopausa #saudefeminina #alimentacaosaudavel #calcio #tofu #linhaca #brocolos #breakthetaboo #healthylifestyle #veganfood #dietasemsofrer #50andfabulous #healthyfood #fitoestrogenios  #clinicamedica #vidasaudavel  #saudavel #traditional #perimenopausal #womenshealth",0,"06/16/2023 11:06",N/A,https://www.facebook.com/AnaSousaNutri/posts/pfbid02yQEsA8pA5mdAFVAwsGNB8ui9gdTRYD3FNXWS8JzMBBUxSXMvWdCc1XCTC3dbF8w2l,0,0,Foto,,,,,"Toda a duração",0,0,0,0,2738,4,38,5,47,3307,44,243,14,,301,0,0,,,,,
851957543121034,109287267400493,"Ana Sousa Nutricionista",,"🍴🧐 Acha que pode ter um distúrbio alimentar? 🧐🍴

Sente que tem uma relação pouco saudável com a comida? 🤔 Pode estar a sofrer de um distúrbio alimentar. 

Os sinais incluem pensamentos obsessivos em relação à comida, preocupação excessiva com o peso, distorção da imagem corporal e comportamentos alimentares extremos. 

Não se sinta sozinho/a, muitas pessoas lutam com este problema, mas há ajuda disponível.

🙋‍♀️ Não hesite em falar com um profissional de saúde para obter o apoio que precisa.
👇👇👇👇
https://shorturl.at/doBU7

#disturbioalimentar #comportamentosalimentares #saude #bemestar #nutricao #ajuda #apoio #procureajuda #falecomumprofissional #alimentacaosaudavel #alimentacaosaudavelparatodos",0,"06/20/2023 10:06",N/A,https://www.facebook.com/AnaSousaNutri/posts/pfbid022P7y3R6expjP59ps4T3QUhs3R4Mxp9fEMseFxwKR1mNyMzAPJnkug7RMYa21MC3Zl,0,0,Foto,,,,,"Toda a duração",0,0,0,0,2228,1,20,2,23,2793,21,154,2,,177,0,0,,,,,
852633569720098,109287267400493,"Ana Sousa Nutricionista",,"𝗦𝗮𝗯𝗶𝗮 𝗾𝘂𝗲 𝗲𝘅𝗶𝘀𝘁𝗲𝗺 𝗺𝘂𝗶𝘁𝗼𝘀 𝗵𝗶𝗱𝗿𝗮𝘁𝗼𝘀 𝗾𝘂𝗲 𝗽𝗼𝗱𝗲𝗺 𝘀𝘂𝗯𝘀𝘁𝗶𝘁𝘂𝗶𝗿 𝗼 𝗮𝗿𝗿𝗼𝘇?
🍚🍚🍚

Muitas vezes damos por nós a cozinhar sempre os mesmos acompanhamentos nas refeições.
Deixo aqui 14 alternativas para experimentarem.

👉Qual a vossa favorita?

Fique a conhecer diversas receitas saudáveis aqui:
👇👇👇
https://shorturl.at/JSX16
.
.
.
.
.
#rice #arroz #batata #massa #nutricionista #alimentaçãosaudável #quinoa #bread #food #nutritionist #vegan #foodie #realfooder #fortedeimarmi #diet #saudavel #healthy #lowcarb #hidratos #weightloss #healthyfood #comeverduras #motivation #carbohidratos #foco #nofilter #anasousanutricionista",0,"06/21/2023 11:06",N/A,https://www.facebook.com/AnaSousaNutri/posts/pfbid0221c7CFmxET7R1R7fPjyHnhi1V734HrYGGJtMcS9Z8T6z1ATRVAHe68NbWWhiBgLql,0,0,Foto,,,,,"Toda a duração",0,0,0,0,4165,0,58,9,67,5666,48,463,5,,516,0,0,,,,,
853335769649878,109287267400493,"Ana Sousa Nutricionista",,"𝗔𝗹𝗶𝗺𝗲𝗻𝘁𝗼𝘀 𝗯𝗮𝗶𝘅𝗼𝘀 𝗲𝗺 𝗖𝗮𝗹𝗼𝗿𝗶𝗮𝘀

Estes alimentos tem menos de 30kcal por cada 100gr.
Consegue adivinhar quais são?

Responda nos Comentários
👇👇👇👇👇
.
.
.
.
#enforcado #adivinha #alimentaçãosaudável #calorias #nutricionista #healhtylife #emagrecer #perderpeso",0,"06/22/2023 11:06",N/A,https://www.facebook.com/AnaSousaNutri/posts/pfbid02ts3UbhuJiKn4BFHXDAEnbLHZrzSWqJZQtKLhfsxW2nF66pLMuaRDqVgwM3ZuvRGAl,0,0,Foto,,,,,"Toda a duração",0,0,0,0,3211,8,20,0,28,3357,351,24,,,375,0,0,,,,,
